age,average_duration
85,774.0
81,730.0
75,660.6029411764706
16,651.7428571428571
89,561.2
70,551.9635854341736
71,547.8658146964856
17,546.2445652173913
68,525.5217794253939
62,523.2777777777778
