age,average_duration
80,163.5
88,282.0
77,295.625
90,298.5
98,315.52127659574467
82,336.25
19,351.78556658395365
76,363.0
18,381.79213483146066
20,421.75799573560766
